{
    "root_group": {
        "name": "",
        "path": "",
        "id": "d41d8cd98f00b204e9800998ecf8427e",
        "groups": {},
        "checks": {}
    },
    "metrics": {
        "iteration_duration": {
            "med": 1952.68,
            "max": 1952.68,
            "p(90)": 1952.68,
            "p(95)": 1952.68,
            "avg": 1952.68,
            "min": 1952.68
        },
        "http_reqs": {
            "count": 1,
            "rate": 0.5121166806645226
        },
        "http_req_waiting": {
            "med": 195.6525,
            "max": 195.6525,
            "p(90)": 195.6525,
            "p(95)": 195.6525,
            "avg": 195.6525,
            "min": 195.6525
        },
        "vus_max": {
            "max": 1,
            "value": 1,
            "min": 1
        },
        "data_received": {
            "count": 17001,
            "rate": 8706.49568797755
        },
        "data_sent": {
            "count": 442,
            "rate": 226.355572853719
        },
        "iterations": {
            "count": 1,
            "rate": 0.5121166806645226
        },
        "http_req_blocked": {
            "avg": 746.8339,
            "min": 746.8339,
            "med": 746.8339,
            "max": 746.8339,
            "p(90)": 746.8339,
            "p(95)": 746.8339
        },
        "vus": {
            "value": 1,
            "min": 1,
            "max": 1
        },
        "http_req_failed": {
            "passes": 0,
            "fails": 1,
            "value": 0
        },
        "http_req_duration": {
            "p(90)": 196.1083,
            "p(95)": 196.1083,
            "avg": 196.1083,
            "min": 196.1083,
            "med": 196.1083,
            "max": 196.1083
        },
        "http_req_tls_handshaking": {
            "avg": 317.5958,
            "min": 317.5958,
            "med": 317.5958,
            "max": 317.5958,
            "p(90)": 317.5958,
            "p(95)": 317.5958
        },
        "http_req_duration{expected_response:true}": {
            "min": 196.1083,
            "med": 196.1083,
            "max": 196.1083,
            "p(90)": 196.1083,
            "p(95)": 196.1083,
            "avg": 196.1083
        },
        "http_req_receiving": {
            "avg": 0.37,
            "min": 0.37,
            "med": 0.37,
            "max": 0.37,
            "p(90)": 0.37,
            "p(95)": 0.37
        },
        "http_req_connecting": {
            "p(90)": 223.4898,
            "p(95)": 223.4898,
            "avg": 223.4898,
            "min": 223.4898,
            "med": 223.4898,
            "max": 223.4898
        },
        "http_req_sending": {
            "avg": 0.0858,
            "min": 0.0858,
            "med": 0.0858,
            "max": 0.0858,
            "p(90)": 0.0858,
            "p(95)": 0.0858
        }
    }
}